Conta,HP Delegado
wiseagent,751.2949202643962
unspeakable,20.21344873641051
zcomluiz1,11.510165919284752
luiz.pereira,5.24283873530673
