Conta,HP Delegado
sousafrc,42.64168468805656
Contas Parceiras,20.21353368948809
wiseagent,751.2980778065099
zcomluiz1,11.510214294207362
luiz.pereira,5.24286076990813
