Conta,HP Delegado
sousafrc,42.64164795701069
wiseagent,751.2974306471783
unspeakable,20.21351627778781
zcomluiz1,11.51020437944409
luiz.pereira,5.2428562537695
